종목코드,종목명,시장구분,업종명,종가,대비,등락률,시가총액
"095570","AJ네트웍스","KOSPI","서비스업","4550","0","0.00","205900053450"
"006840","AK홀딩스","KOSPI","기타금융","14160","110","0.78","187585463760"
"027410","BGF","KOSPI","기타금융","3570","20","0.56","341708943870"
"282330","BGF리테일","KOSPI","유통업","105500","1600","1.54","1823452083000"
"138930","BNK금융지주","KOSPI","기타금융","8550","-80","-0.93","2753856144900"
"001460","BYC","KOSPI","섬유의복","35300","450","1.29","220489095000"
"001465","BYC우","KOSPI","섬유의복","15000","-60","-0.40","32307750000"
"001040","CJ","KOSPI","기타금융","118200","-1900","-1.58","3448721163600"
"079160","CJ CGV","KOSPI","서비스업","5760","100","1.77","953737637760"
"00104K","CJ4우(전환)","KOSPI","기타금융","87200","0","0.00","368551846400"
"000120","CJ대한통운","KOSPI","운수창고업","90600","-1600","-1.74","2066798366400"
"011150","CJ씨푸드","KOSPI","음식료품","4540","30","0.67","163125709420"
"011155","CJ씨푸드1우","KOSPI","음식료품","21650","-550","-2.48","4330000000"
"001045","CJ우","KOSPI","기타금융","58800","0","0.00","132901112400"
"097950","CJ제일제당","KOSPI","음식료품","371500","1000","0.27","5592630099000"
"097955","CJ제일제당 우","KOSPI","음식료품","152100","2100","1.40","201902559300"
"000480","CR홀딩스","KOSPI","비금속광물","6020","70","1.18","282280749800"
"000590","CS홀딩스","KOSPI","기타금융","69900","0","0.00","80698291800"
"012030","DB","KOSPI","서비스업","1288","-3","-0.23","259112025704"
"016610","DB금융투자","KOSPI","증권","4480","45","1.01","190159822720"
"005830","DB손해보험","KOSPI","보험","105800","-2300","-2.13","7490640000000"
"000990","DB하이텍","KOSPI","전기전자","52200","1900","3.78","2317606293600"
"139130","DGB금융지주","KOSPI","기타금융","7870","-70","-0.88","1331177705710"
"001530","DI동일","KOSPI","유통업","28100","100","0.36","708560383200"
"000210","DL","KOSPI","화학","58100","-900","-1.53","1217536860400"
"000215","DL우","KOSPI","화학","27750","600","2.21","46789691250"
"375500","DL이앤씨","KOSPI","건설업","34200","800","2.40","1323321906600"
"37550L","DL이앤씨2우(전환)","KOSPI","건설업","23250","700","3.10","49102860750"
"37550K","DL이앤씨우","KOSPI","건설업","18150","300","1.68","38367012750"
"007340","DN오토모티브","KOSPI","전기전자","82900","400","0.48","828503014500"
"004840","DRB동일","KOSPI","화학","5370","280","5.50","107024100000"
"155660","DSR","KOSPI","철강금속","4430","15","0.34","70880000000"
"069730","DSR제강","KOSPI","철강금속","4410","50","1.15","63504000000"
"017860","DS단석","KOSPI","화학","106500","300","0.28","624239526000"
"017940","E1","KOSPI","유통업","73400","-900","-1.21","503524000000"
"365550","ESR켄달스퀘어리츠","KOSPI","서비스업","4735","80","1.72","1008976415000"
"383220","F&F","KOSPI","섬유의복","60400","-100","-0.17","2313747330000"
"007700","F&F홀딩스","KOSPI","기타금융","15240","40","0.26","596102953080"
"114090","GKL","KOSPI","서비스업","12390","20","0.16","766391751300"
"078930","GS","KOSPI","기타금융","46500","100","0.22","4320565077000"
"006360","GS건설","KOSPI","건설업","17260","1210","7.54","1477136517400"
"001250","GS글로벌","KOSPI","유통업","3280","65","2.02","270710745920"
"007070","GS리테일","KOSPI","유통업","21200","150","0.71","2220019946400"
"078935","GS우","KOSPI","기타금융","38850","-150","-0.38","69340490100"
"012630","HDC","KOSPI","기타금융","8540","430","5.30","510194297340"
"039570","HDC랩스","KOSPI","건설업","8500","150","1.80","220639608500"
"089470","HDC현대EP","KOSPI","화학","4180","85","2.08","133342000000"
"294870","HDC현대산업개발","KOSPI","건설업","19750","1400","7.63","1301669767500"
"009540","HD한국조선해양","KOSPI","기타금융","168800","3100","1.87","11946501980800"
"267250","HD현대","KOSPI","기타금융","76100","-300","-0.39","6011373768500"
"267270","HD현대건설기계","KOSPI","기계","57800","5200","9.89","1089362148800"
"443060","HD현대마린솔루션","KOSPI","서비스업","124100","700","0.57","5516245000000"
"010620","HD현대미포","KOSPI","운수장비","99100","-900","-0.90","3958266965900"
"322000","HD현대에너지솔루션","KOSPI","전기전자","26550","-100","-0.38","297360000000"
"042670","HD현대인프라코어","KOSPI","기계","8080","730","9.93","1612795900240"
"267260","HD현대일렉트릭","KOSPI","전기전자","343500","9000","2.69","12382190872500"
"329180","HD현대중공업","KOSPI","운수장비","160000","2400","1.52","14203698560000"
"097230","HJ중공업","KOSPI","건설업","3405","30","0.89","283548926805"
"014790","HL D&I","KOSPI","건설업","2285","45","2.01","86506903285"
"003580","HLB글로벌","KOSPI","유통업","6310","-130","-2.02","299162728520"
"204320","HL만도","KOSPI","운수장비","41450","0","0.00","1946372624000"
"060980","HL홀딩스","KOSPI","기타금융","33900","150","0.44","344742999000"
"011200","HMM","KOSPI","운수창고업","17610","50","0.28","13190585524560"
"035000","HS애드","KOSPI","서비스업","6290","-30","-0.47","104209002610"
"002460","HS화성","KOSPI","건설업","9110","-20","-0.22","92466500000"
"003560","IHQ","KOSPI","서비스업","10760","0","0.00","59719334240"
"175330","JB금융지주","KOSPI","기타금융","14290","-180","-1.24","2787738899420"
"234080","JW생명과학","KOSPI","의약품","11960","-40","-0.33","189381265840"
"001060","JW중외제약","KOSPI","의약품","34100","-450","-1.30","794050213000"
"001067","JW중외제약2우B","KOSPI","의약품","56300","0","0.00","11821479900"
"001065","JW중외제약우","KOSPI","의약품","31000","0","0.00","10600481000"
"096760","JW홀딩스","KOSPI","기타금융","3385","45","1.35","250235928670"
"105560","KB금융","KOSPI","기타금융","85700","-1300","-1.49","34580898870400"
"432320","KB스타리츠","KOSPI","서비스업","4500","70","1.58","456364282500"
"002380","KCC","KOSPI","화학","335000","21000","6.69","2976967785000"
"344820","KCC글라스","KOSPI","비금속광물","40650","300","0.74","649201312800"
"009070","KCTC","KOSPI","운수창고업","4215","-75","-1.75","126450000000"
"009440","KC그린홀딩스","KOSPI","기타금융","1763","-6","-0.34","39552869740"
"119650","KC코트렐","KOSPI","기계","1021","-2","-0.20","65006342027"
"092220","KEC","KOSPI","전기전자","1292","-6","-0.46","259385978172"
"003620","KG모빌리티","KOSPI","운수장비","5400","50","0.93","1054366443000"
"016380","KG스틸","KOSPI","철강금속","6580","100","1.54","658058542260"
"001390","KG케미칼","KOSPI","화학","4915","20","0.41","336525331600"
"033180","KH 필룩스","KOSPI","전기전자","6630","0","0.00","125330728770"
"015590","KIB플러그에너지","KOSPI","기계","605","-15","-2.42","143373834120"
"001940","KISCO홀딩스","KOSPI","철강금속","19120","40","0.21","309292385600"
"025000","KPX케미칼","KOSPI","화학","48300","-250","-0.51","233772000000"
"092230","KPX홀딩스","KOSPI","화학","57900","300","0.52","244607003400"
"000040","KR모터스","KOSPI","운수장비","682","9","1.34","41010615976"
"044450","KSS해운","KOSPI","운수창고업","8130","0","0.00","187688204400"
"030200","KT","KOSPI","통신업","36300","-200","-0.55","9148387165500"
"033780","KT&G","KOSPI","기타제조업","87000","-500","-0.57","11338057239000"
"058850","KTcs","KOSPI","서비스업","3230","0","0.00","137872550000"
"058860","KTis","KOSPI","서비스업","2700","0","0.00","93965400000"
"093050","LF","KOSPI","섬유의복","14140","80","0.57","413453600000"
"003550","LG","KOSPI","기타금융","81000","-600","-0.74","12741380433000"
"034220","LG디스플레이","KOSPI","전기전자","13180","-10","-0.08","6590000000000"
"051900","LG생활건강","KOSPI","화학","353500","-6500","-1.81","5521032639500"
"051905","LG생활건강우","KOSPI","화학","150400","-1600","-1.05","315794428800"
"373220","LG에너지솔루션","KOSPI","전기전자","358500","-14500","-3.89","83889000000000"
"003555","LG우","KOSPI","기타금융","60700","100","0.17","183412334000"
"032640","LG유플러스","KOSPI","통신업","9850","-10","-0.10","4300621905850"
"011070","LG이노텍","KOSPI","전기전자","294500","7000","2.43","6969963011500"
"066570","LG전자","KOSPI","전기전자","109900","500","0.46","17984894758600"
"066575","LG전자우","KOSPI","전기전자","49100","100","0.20","843832207200"
"037560","LG헬로비전","KOSPI","서비스업","2945","15","0.51","228081017425"
"051910","LG화학","KOSPI","화학","359000","-8500","-2.31","25342651137000"
"051915","LG화학우","KOSPI","화학","242000","-8500","-3.39","1860689600000"
"079550","LIG넥스원","KOSPI","기계","233500","27500","13.35","5137000000000"
"006260","LS","KOSPI","기타금융","149700","100","0.07","4820340000000"
"010120","LS ELECTRIC","KOSPI","전기전자","227500","8000","3.64","6825000000000"
"000680","LS네트웍스","KOSPI","유통업","4260","-25","-0.58","335700848160"
"229640","LS에코에너지","KOSPI","기타금융","34400","1700","5.20","1053495837600"
"108320","LX세미콘","KOSPI","전기전자","83400","300","0.36","1356442620000"
"001120","LX인터내셔널","KOSPI","유통업","30200","0","0.00","1170552000000"
"108670","LX하우시스","KOSPI","화학","46600","2000","4.48","417893422000"
"108675","LX하우시스우","KOSPI","화학","23850","300","1.27","24621070500"
"383800","LX홀딩스","KOSPI","기타금융","6940","-20","-0.29","529387988600"
"38380K","LX홀딩스1우","KOSPI","기타금융","9000","20","0.22","13187565000"
"023150","MH에탄올","KOSPI","음식료품","6060","10","0.17","44713867560"
"035420","NAVER","KOSPI","서비스업","176300","1500","0.86","28632635122200"
"181710","NHN","KOSPI","서비스업","20850","-150","-0.71","704023664550"
"400760","NH올원리츠","KOSPI","서비스업","3640","5","0.14","153608000000"
"005940","NH투자증권","KOSPI","증권","13240","170","1.30","4335998038760"
"005945","NH투자증권우","KOSPI","증권","11660","10","0.09","220035486880"
"338100","NH프라임리츠","KOSPI","서비스업","4400","5","0.11","82104000000"
"034310","NICE","KOSPI","서비스업","10620","-90","-0.84","398286925740"
"030190","NICE평가정보","KOSPI","서비스업","10630","-350","-3.19","638944532100"
"008260","NI스틸","KOSPI","철강금속","4445","300","7.24","127127520065"
"004250","NPC","KOSPI","화학","4620","-35","-0.75","169646400000"
"004255","NPC우","KOSPI","화학","2635","0","0.00","13912800000"
"456040","OCI","KOSPI","화학","100600","200","0.20","900620997000"
"010060","OCI홀딩스","KOSPI","기타금융","86100","-1200","-1.37","1684458936300"
"178920","PI첨단소재","KOSPI","화학","31650","900","2.93","929444091300"
"005490","POSCO홀딩스","KOSPI","철강금속","386000","-6000","-1.53","32644494780000"
"010950","S-Oil","KOSPI","화학","67800","700","1.04","7633113297600"
"010955","S-Oil우","KOSPI","화학","46300","-150","-0.32","186215220100"
"034120","SBS","KOSPI","서비스업","17250","-250","-1.43","320008855500"
"005090","SGC에너지","KOSPI","전기가스업","24850","0","0.00","358071925050"
"001380","SG글로벌","KOSPI","운수장비","3250","35","1.09","146133464750"
"004060","SG세계물산","KOSPI","유통업","398","3","0.76","80565134080"
"001770","SHD","KOSPI","철강금속","17130","-70","-0.41","20810860140"
"002360","SH에너지화학","KOSPI","화학","588","16","2.80","65346633240"
"009160","SIMPAC","KOSPI","철강금속","3780","65","1.75","247323570480"
"123700","SJM","KOSPI","운수장비","3475","20","0.58","54227020550"
"025530","SJM홀딩스","KOSPI","유통업","3765","35","0.94","56226540120"
"034730","SK","KOSPI","기타금융","154500","-600","-0.39","11201667613500"
"011790","SKC","KOSPI","화학","154500","-5700","-3.56","5850652041000"
"018670","SK가스","KOSPI","유통업","174000","-1000","-0.57","1606062456000"
"001740","SK네트웍스","KOSPI","유통업","4720","5","0.11","1044431697440"
"006120","SK디스커버리","KOSPI","기타금융","37050","150","0.41","696015927750"
"006125","SK디스커버리우","KOSPI","기타금융","32200","0","0.00","43742251000"
"210980","SK디앤디","KOSPI","서비스업","10270","30","0.29","191200513140"
"395400","SK리츠","KOSPI","서비스업","4920","80","1.65","1329052780680"
"302440","SK바이오사이언스","KOSPI","의약품","54300","-1600","-2.86","4171746825000"
"326030","SK바이오팜","KOSPI","서비스업","81800","-1200","-1.45","6406023850000"
"402340","SK스퀘어","KOSPI","기타금융","105500","200","0.19","14216120780000"
"361610","SK아이이테크놀로지","KOSPI","전기전자","41600","-950","-2.23","2965979827200"
"100090","SK오션플랜트","KOSPI","철강금속","13690","-330","-2.35","810387325920"
"03473K","SK우","KOSPI","기타금융","137000","2900","2.16","77560495000"
"096770","SK이노베이션","KOSPI","화학","108000","-100","-0.09","10339443720000"
"096775","SK이노베이션우","KOSPI","화학","83600","1200","1.46","104368413600"
"475150","SK이터닉스","KOSPI","건설업","22050","-900","-3.92","617346440550"
"001510","SK증권","KOSPI","증권","583","12","2.10","275520069693"
"001515","SK증권우","KOSPI","증권","2000","117","6.21","7825028000"
"285130","SK케미칼","KOSPI","화학","49000","-50","-0.10","845435367000"
"28513K","SK케미칼우","KOSPI","화학","24850","150","0.61","52568410650"
"017670","SK텔레콤","KOSPI","통신업","52300","0","0.00","11233519771900"
"000660","SK하이닉스","KOSPI","전기전자","230000","-3000","-1.29","167440543950000"
"003570","SNT다이내믹스","KOSPI","운수장비","20650","730","3.66","686668193050"
"064960","SNT모티브","KOSPI","운수장비","44750","-100","-0.22","654385336000"
"100840","SNT에너지","KOSPI","기계","13720","-340","-2.42","283740342760"
"036530","SNT홀딩스","KOSPI","기타금융","22150","350","1.61","361131074900"
"005610","SPC삼립","KOSPI","음식료품","56100","200","0.36","484087404900"
"011810","STX","KOSPI","유통업","7320","-90","-1.21","227051225640"
"465770","STX그린로지스","KOSPI","운수창고업","11790","-210","-1.75","84546467280"
"077970","STX엔진","KOSPI","기계","16610","120","0.73","382177895440"
"071970","STX중공업","KOSPI","기계","17480","-1350","-7.17","499100654120"
"002820","SUN&L","KOSPI","종이목재","3245","95","3.02","40912924305"
"084870","TBH글로벌","KOSPI","섬유의복","1426","-23","-1.59","29741823894"
"002710","TCC스틸","KOSPI","철강금속","47200","-1250","-2.58","1237286498400"
"069260","TKG휴켐스","KOSPI","화학","19260","-200","-1.03","787321604880"
"007980","TP","KOSPI","섬유의복","1684","-6","-0.36","86178918920"
"002900","TYM","KOSPI","기계","4225","-10","-0.24","190340289100"
"024070","WISCOM","KOSPI","화학","2350","-5","-0.21","36017129300"
"037270","YG PLUS","KOSPI","서비스업","3300","-30","-0.90","209317053000"
"000500","가온전선","KOSPI","전기전자","51000","400","0.79","375255246000"
"000860","강남제비스코","KOSPI","화학","26650","1300","5.13","173225000000"
"035250","강원랜드","KOSPI","서비스업","14200","-50","-0.35","3037955100000"
"011420","갤럭시아에스엠","KOSPI","서비스업","2030","50","2.53","55925777320"
"002100","경농","KOSPI","화학","10070","60","0.60","196592330250"
"009450","경동나비엔","KOSPI","전기전자","52600","1100","2.14","766307939200"
"267290","경동도시가스","KOSPI","전기가스업","19590","40","0.20","115491003540"
"012320","경동인베스트","KOSPI","기타금융","85800","0","0.00","202918973400"
"000050","경방","KOSPI","유통업","7720","-10","-0.13","211645884400"
"214390","경보제약","KOSPI","의약품","7440","0","0.00","177867038400"
"012610","경인양행","KOSPI","화학","3475","-5","-0.14","144616868375"
"009140","경인전자","KOSPI","전기전자","22200","100","0.45","34871693400"
"013580","계룡건설","KOSPI","건설업","14210","480","3.50","126908188470"
"012200","계양전기","KOSPI","기계","1703","-6","-0.35","46360477787"
"012205","계양전기우","KOSPI","기계","4050","-35","-0.86","4734769950"
"002140","고려산업","KOSPI","음식료품","2960","5","0.17","73820698000"
"010130","고려아연","KOSPI","철강금속","533000","-8000","-1.48","11034849839000"
"002240","고려제강","KOSPI","철강금속","21800","100","0.46","545000000000"
"009290","광동제약","KOSPI","의약품","6590","80","1.23","345453408090"
"017040","광명전기","KOSPI","전기전자","2275","55","2.48","98593074125"
"017900","광전자","KOSPI","전기전자","2090","15","0.72","121102464670"
"037710","광주신세계","KOSPI","유통업","30000","-200","-0.66","238715700000"
"030610","교보증권","KOSPI","증권","5230","20","0.38","596026286030"
"339770","교촌에프앤비","KOSPI","유통업","10060","160","1.62","251324352400"
"007690","국도화학","KOSPI","화학","40150","300","0.75","361776232400"
"005320","국동","KOSPI","유통업","499","4","0.81","33596620603"
"001140","국보","KOSPI","운수창고업","2110","0","0.00","33456978680"
"002720","국제약품","KOSPI","의약품","5680","-20","-0.35","120187845760"
"083420","그린케미칼","KOSPI","화학","7480","-80","-1.06","179520000000"
"014530","극동유화","KOSPI","화학","3975","-5","-0.13","138605944500"
"014280","금강공업","KOSPI","철강금속","5000","145","2.99","146646785000"
"014285","금강공업우","KOSPI","철강금속","8860","-120","-1.34","5226292500"
"008870","금비","KOSPI","비금속광물","60900","-600","-0.98","60900000000"
"001570","금양","KOSPI","화학","80100","-1100","-1.35","4649807963700"
"002990","금호건설","KOSPI","건설업","3835","65","1.72","141717036825"
"002995","금호건설우","KOSPI","건설업","10260","-80","-0.77","2998649160"
"011780","금호석유","KOSPI","화학","164300","-900","-0.54","4546621159700"
"011785","금호석유우","KOSPI","화학","70500","200","0.28","213155763000"
"214330","금호에이치티","KOSPI","운수장비","572","2","0.35","122358882932"
"001210","금호전기","KOSPI","전기전자","706","-4","-0.56","27170566026"
"073240","금호타이어","KOSPI","화학","6180","-70","-1.12","1775268573660"
"092440","기신정기","KOSPI","기계","2795","-20","-0.71","81614000000"
"000270","기아","KOSPI","운수장비","120000","-1300","-1.07","47983010040000"
"024110","기업은행","KOSPI","은행","13870","-150","-1.07","11060296803030"
"013700","까뮤이앤씨","KOSPI","건설업","1458","3","0.21","65832024240"
"004540","깨끗한나라","KOSPI","종이목재","2495","25","1.01","92915529035"
"004545","깨끗한나라우","KOSPI","종이목재","14230","280","2.01","5210456800"
"001260","남광토건","KOSPI","건설업","6250","160","2.63","61453575000"
"008350","남선알미늄","KOSPI","철강금속","1677","30","1.82","216465633930"
"008355","남선알미우","KOSPI","철강금속","18300","-100","-0.54","5634387000"
"004270","남성","KOSPI","유통업","1718","7","0.41","62212490880"
"003920","남양유업","KOSPI","음식료품","553000","-3000","-0.54","398160000000"
"003925","남양유업우","KOSPI","음식료품","387500","-4000","-1.02","77500000000"
"025860","남해화학","KOSPI","화학","7030","-20","-0.28","349242266290"
"005720","넥센","KOSPI","화학","4795","-5","-0.10","256743369715"
"005725","넥센우","KOSPI","화학","3100","20","0.65","11161860000"
"002350","넥센타이어","KOSPI","화학","7690","-10","-0.13","751065974130"
"002355","넥센타이어1우B","KOSPI","화학","3290","10","0.30","21385000000"
"092790","넥스틸","KOSPI","철강금속","9160","340","3.85","238178320000"
"251270","넷마블","KOSPI","서비스업","62400","-900","-1.42","5363498524800"
"090350","노루페인트","KOSPI","화학","9990","210","2.15","199800000000"
"090355","노루페인트우","KOSPI","화학","14690","80","0.55","6803320940"
"000320","노루홀딩스","KOSPI","기타금융","13050","90","0.69","173449520550"
"000325","노루홀딩스우","KOSPI","기타금융","31700","-200","-0.63","7720820300"
"006280","녹십자","KOSPI","의약품","124500","-2100","-1.66","1454973981000"
"005250","녹십자홀딩스","KOSPI","서비스업","15950","450","2.90","750099949500"
"005257","녹십자홀딩스2우","KOSPI","서비스업","25500","-650","-2.49","21572745000"
"004370","농심","KOSPI","음식료품","454000","6000","1.34","2761519468000"
"072710","농심홀딩스","KOSPI","기타금융","71200","200","0.28","330210648000"
"058730","다스코","KOSPI","기계","3190","70","2.24","61876241790"
"030210","다올투자증권","KOSPI","증권","3055","5","0.16","186083428830"
"023590","다우기술","KOSPI","서비스업","19300","-90","-0.46","865925708100"
"145210","다이나믹디자인","KOSPI","기계","4000","-120","-2.91","69204372000"
"019680","대교","KOSPI","서비스업","2440","20","0.83","206674954000"
"019685","대교우B","KOSPI","서비스업","1378","2","0.15","26770392220"
"006370","대구백화점","KOSPI","유통업","6910","80","1.17","74777332010"
"008060","대덕","KOSPI","기타금융","6500","-30","-0.46","220285975000"
"00806K","대덕1우","KOSPI","기타금융","7300","0","0.00","8850206100"
"353200","대덕전자","KOSPI","전기전자","24200","200","0.83","1195889585000"
"35320K","대덕전자1우","KOSPI","전기전자","9290","0","0.00","19467371510"
"000490","대동","KOSPI","기계","10740","130","1.23","275382063120"
"008110","대동전자","KOSPI","전기전자","15040","0","0.00","157776322880"
"005750","대림B&Co","KOSPI","비금속광물","3805","-15","-0.39","63437873200"
"006570","대림통상","KOSPI","기계","3110","0","0.00","47349750000"
"001680","대상","KOSPI","음식료품","26150","50","0.19","906045853750"
"001685","대상우","KOSPI","음식료품","19570","-180","-0.91","26815264110"
"084690","대상홀딩스","KOSPI","기타금융","11000","-260","-2.31","398337918000"
"084695","대상홀딩스우","KOSPI","기타금융","26000","-700","-2.62","23750532000"
"128820","대성산업","KOSPI","유통업","3770","30","0.80","170537752060"
"117580","대성에너지","KOSPI","전기가스업","8960","20","0.22","246400000000"
"016710","대성홀딩스","KOSPI","서비스업","8750","0","0.00","140782766250"
"003540","대신증권","KOSPI","증권","17060","-70","-0.41","866194204000"
"003547","대신증권2우B","KOSPI","증권","14500","40","0.28","145000000000"
"003545","대신증권우","KOSPI","증권","15160","90","0.60","394160000000"
"009190","대양금속","KOSPI","철강금속","1602","14","0.88","63453281580"
"014160","대영포장","KOSPI","종이목재","1160","26","2.29","125737676840"
"047040","대우건설","KOSPI","건설업","4260","270","6.77","1770552437880"
"009320","대우부품","KOSPI","운수장비","1200","-1","-0.08","59159724000"
"003090","대웅","KOSPI","의약품","20900","50","0.24","1215167382000"
"069620","대웅제약","KOSPI","의약품","122500","-1000","-0.81","1419355437500"
"000430","대원강업","KOSPI","운수장비","5220","80","1.56","323640000000"
"006340","대원전선","KOSPI","전기전자","4240","-35","-0.82","317911702000"
"006345","대원전선우","KOSPI","전기전자","5750","-10","-0.17","15071900000"
"003220","대원제약","KOSPI","의약품","15390","50","0.33","341507085660"
"024890","대원화성","KOSPI","화학","1518","-6","-0.39","62616212736"
"002880","대유에이텍","KOSPI","운수장비","1231","29","2.41","57541888620"
"000300","대유플러스","KOSPI","전기전자","241","0","0.00","30475633069"
"012800","대창","KOSPI","철강금속","1429","2","0.14","130239773071"
"015230","대창단조","KOSPI","운수장비","5380","90","1.70","153718597400"
"001070","대한방직","KOSPI","섬유의복","6140","20","0.33","32542000000"
"006650","대한유화","KOSPI","화학","127300","-1100","-0.86","827450000000"
"001440","대한전선","KOSPI","전기전자","14300","-1160","-7.50","2666196390000"
"084010","대한제강","KOSPI","철강금속","12290","170","1.40","287762939130"
"001790","대한제당","KOSPI","음식료품","3055","10","0.33","274023051900"
"001795","대한제당우","KOSPI","음식료품","2780","25","0.91","18022072800"
"001130","대한제분","KOSPI","음식료품","141300","-500","-0.35","238797000000"
"003490","대한항공","KOSPI","운수창고업","22050","-50","-0.23","8119265575050"
"003495","대한항공우","KOSPI","운수창고업","23900","0","0.00","26547976600"
"005880","대한해운","KOSPI","운수창고업","2240","10","0.45","714957510400"
"003830","대한화섬","KOSPI","화학","104900","-700","-0.66","139307200000"
"016090","대현","KOSPI","섬유의복","1940","1","0.05","85907681400"
"069460","대호에이엘","KOSPI","철강금속","1221","38","3.21","82472318016"
"192080","더블유게임즈","KOSPI","서비스업","46950","500","1.08","1009232786700"
"012510","더존비즈온","KOSPI","서비스업","72500","1700","2.40","2202751840000"
"004830","덕성","KOSPI","화학","8270","130","1.60","129673600000"
"004835","덕성우","KOSPI","화학","12990","800","6.56","18082080000"
"024900","덕양산업","KOSPI","운수장비","4220","75","1.81","137424215600"
"145720","덴티움","KOSPI","의료정밀","105700","-100","-0.09","1169975331000"
"002150","도화엔지니어링","KOSPI","서비스업","7630","170","2.28","257283600000"
"460850","동국씨엠","KOSPI","철강금속","6920","80","1.17","206898699520"
"460860","동국제강","KOSPI","철강금속","9810","140","1.45","486654646770"
"001230","동국홀딩스","KOSPI","기타금융","8500","110","1.31","270304105500"
"023450","동남합성","KOSPI","화학","31550","0","0.00","110425000000"
"004140","동방","KOSPI","운수창고업","2715","-60","-2.16","130243344690"
"007590","동방아그로","KOSPI","화학","6310","10","0.16","85926910870"
"005960","동부건설","KOSPI","건설업","4895","95","1.98","112322358775"
"005965","동부건설우","KOSPI","건설업","22450","-50","-0.22","5067683400"
"026960","동서","KOSPI","유통업","19110","-40","-0.21","1905267000000"
"002210","동성제약","KOSPI","의약품","4700","-5","-0.11","122674559000"
"102260","동성케미컬","KOSPI","서비스업","4380","-5","-0.11","217641008640"
"000640","동아쏘시오홀딩스","KOSPI","기타금융","107700","500","0.47","683777930100"
"170900","동아에스티","KOSPI","의약품","69800","700","1.01","616685163800"
"028100","동아지질","KOSPI","건설업","13220","190","1.46","185775980120"
"282690","동아타이어","KOSPI","화학","12500","10","0.08","171662687500"
"001520","동양","KOSPI","비금속광물","859","-5","-0.58","205029610117"
"001527","동양2우B","KOSPI","비금속광물","10400","190","1.86","3209117600"
"084670","동양고속","KOSPI","운수창고업","9770","70","0.72","28289709130"
"082640","동양생명","KOSPI","보험","7780","-110","-1.39","1255369791300"
"001525","동양우","KOSPI","비금속광물","5150","100","1.98","3181314650"
"008970","동양철관","KOSPI","철강금속","926","0","0.00","133016078398"
"092780","동양피스톤","KOSPI","운수장비","6460","-290","-4.30","85068251600"
"049770","동원F&B","KOSPI","음식료품","44800","1300","2.99","864443776000"
"018500","동원금속","KOSPI","운수장비","1622","23","1.44","75836501326"
"006040","동원산업","KOSPI","기타금융","34200","-350","-1.01","1231948809000"
"030720","동원수산","KOSPI","농업, 임업 및 어업","6740","-20","-0.30","31366645700"
"014820","동원시스템즈","KOSPI","화학","44850","-3400","-7.05","1300258997700"
"014825","동원시스템즈우","KOSPI","화학","23900","-350","-1.44","6312252900"
"111380","동인기연","KOSPI","기타제조업","21650","50","0.23","132671200000"
"163560","동일고무벨트","KOSPI","화학","9550","1560","19.52","132745000000"
"004890","동일산업","KOSPI","철강금속","42550","200","0.47","103192898250"
"002690","동일제강","KOSPI","철강금속","1645","2","0.12","33394092200"
"000020","동화약품","KOSPI","의약품","8260","-80","-0.96","230713942200"
"000150","두산","KOSPI","기타금융","239500","2500","1.05","3957458482500"
"000157","두산2우B","KOSPI","기타금융","134000","9100","7.29","119667092000"
"454910","두산로보틱스","KOSPI","기계","93500","-12200","-11.54","6060668130000"
"241560","두산밥캣","KOSPI","기계","49000","-5600","-10.26","4912209134000"
"034020","두산에너빌리티","KOSPI","기계","21600","700","3.35","13836120753600"
"000155","두산우","KOSPI","기타금융","133200","13200","11.00","532328738400"
"336260","두산퓨얼셀","KOSPI","전기전자","20600","-350","-1.67","1349170755600"
"33626K","두산퓨얼셀1우","KOSPI","전기전자","6580","-10","-0.15","87936436000"
"33626L","두산퓨얼셀2우B","KOSPI","전기전자","10360","-170","-1.61","30938068000"
"016740","두올","KOSPI","운수장비","3480","0","0.00","111592046400"
"192650","드림텍","KOSPI","전기전자","9260","20","0.22","637758072120"
"024090","디씨엠","KOSPI","철강금속","11950","-210","-1.73","136230000000"
"003160","디아이","KOSPI","의료정밀","19990","-160","-0.79","565717000000"
"092200","디아이씨","KOSPI","운수장비","5220","100","1.95","202998330180"
"377190","디앤디플랫폼리츠","KOSPI","서비스업","3365","15","0.45","216706000000"
"013570","디와이","KOSPI","기타금융","5370","180","3.47","141336429210"
"210540","디와이파워","KOSPI","기계","13800","660","5.02","152375570400"
"115390","락앤락","KOSPI","화학","8760","10","0.11","379539360360"
"032350","롯데관광개발","KOSPI","서비스업","10300","220","2.18","784820684900"
"089860","롯데렌탈","KOSPI","서비스업","31850","650","2.08","1166794906550"
"330590","롯데리츠","KOSPI","서비스업","3340","25","0.75","811516072560"
"000400","롯데손해보험","KOSPI","보험","2890","40","1.40","896871964800"
"023530","롯데쇼핑","KOSPI","유통업","62400","-500","-0.79","1765218312000"
"020150","롯데에너지머티리얼즈","KOSPI","전기전자","46250","-1750","-3.65","2132626118750"
"280360","롯데웰푸드","KOSPI","음식료품","166500","-3600","-2.12","1570856571000"
"286940","롯데이노베이트","KOSPI","서비스업","27900","100","0.36","422109339300"
"004000","롯데정밀화학","KOSPI","화학","46250","-200","-0.43","1193250000000"
"004990","롯데지주","KOSPI","기타금융","24900","-250","-0.99","2612240001300"
"00499K","롯데지주우","KOSPI","기타금융","35250","-100","-0.28","28397505750"
"005300","롯데칠성","KOSPI","음식료품","126600","-400","-0.31","1174706714400"
"005305","롯데칠성우","KOSPI","음식료품","67200","100","0.15","52100832000"
"011170","롯데케미칼","KOSPI","화학","108600","300","0.28","4645410503400"
"071840","롯데하이마트","KOSPI","유통업","9250","30","0.33","218371336000"
"027740","마니커","KOSPI","음식료품","1118","-13","-1.15","71005552904"
"357430","마스턴프리미어리츠","KOSPI","서비스업","2510","25","1.01","66715800000"
"001080","만호제강","KOSPI","철강금속","47150","0","0.00","195672500000"
"088980","맥쿼리인프라","KOSPI","기타금융","12040","-40","-0.33","5246807514200"
"094800","맵스리얼티1","KOSPI","기타금융","4300","15","0.35","399187623300"
"138040","메리츠금융지주","KOSPI","기타금융","81600","-400","-0.49","15562761302400"
"090370","메타랩스","KOSPI","섬유의복","1807","52","2.96","45002773023"
"017180","명문제약","KOSPI","의약품","2000","38","1.94","67906908000"
"009900","명신산업","KOSPI","운수장비","14300","0","0.00","750322901900"
"012690","모나리자","KOSPI","종이목재","3230","40","1.25","118125153650"
"005360","모나미","KOSPI","유통업","2775","-20","-0.72","52440026925"
"070960","모나용평","KOSPI","서비스업","3620","185","5.39","174242665460"
"009680","모토닉","KOSPI","운수장비","8790","10","0.11","290070000000"
"009580","무림P&P","KOSPI","종이목재","3090","25","0.82","192718121160"
"009200","무림페이퍼","KOSPI","종이목재","2200","10","0.46","91540482000"
"033920","무학","KOSPI","음식료품","6040","20","0.33","172140000000"
"008420","문배철강","KOSPI","철강금속","2845","35","1.25","58332471725"
"025560","미래산업","KOSPI","의료정밀","2140","-30","-1.38","65119707800"
"007120","미래아이앤지","KOSPI","서비스업","1075","20","1.90","29974852800"
"396690","미래에셋글로벌리츠","KOSPI","서비스업","3080","10","0.33","121986295200"
"357250","미래에셋맵스리츠","KOSPI","서비스업","3085","0","0.00","77109898925"
"085620","미래에셋생명","KOSPI","보험","5340","-220","-3.96","945266449260"
"006800","미래에셋증권","KOSPI","증권","7820","0","0.00","4655374310560"
"00680K","미래에셋증권2우B","KOSPI","증권","3755","5","0.13","525700000000"
"006805","미래에셋증권우","KOSPI","증권","4100","0","0.00","57710575000"
"002840","미원상사","KOSPI","화학","211000","1000","0.48","1002250000000"
"268280","미원에스씨","KOSPI","화학","145500","-400","-0.27","727500000000"
"107590","미원홀딩스","KOSPI","기타금융","82000","600","0.74","190240000000"
"134380","미원화학","KOSPI","화학","80000","-100","-0.12","175941440000"
"003650","미창석유","KOSPI","화학","80000","1100","1.39","139173760000"
"377740","바이오노트","KOSPI","의약품","4125","15","0.36","420981198000"
"003610","방림","KOSPI","섬유의복","2665","-15","-0.56","112767049850"
"001340","백광산업","KOSPI","화학","12230","210","1.75","549352117610"
"035150","백산","KOSPI","화학","14090","-80","-0.56","310825400000"
"002410","범양건영","KOSPI","건설업","1404","62","4.62","34864102728"
"007210","벽산","KOSPI","비금속광물","2080","50","2.46","140524800000"
"002760","보락","KOSPI","화학","1215","1","0.08","72778500000"
"003850","보령","KOSPI","의약품","10400","-220","-2.07","714376000000"
"000890","보해양조","KOSPI","음식료품","481","0","0.00","66916782049"
"003000","부광약품","KOSPI","의약품","5480","30","0.55","375131597080"
"001270","부국증권","KOSPI","증권","25750","-350","-1.34","267024564500"
"001275","부국증권우","KOSPI","증권","21600","150","0.70","64800000000"
"026940","부국철강","KOSPI","철강금속","2940","15","0.51","58800000000"
"011390","부산산업","KOSPI","비금속광물","55000","2800","5.36","58080000000"
"005030","부산주공","KOSPI","운수장비","486","0","0.00","38288532168"
"002070","비비안","KOSPI","섬유의복","855","-1","-0.12","25473861450"
"100220","비상교육","KOSPI","서비스업","4820","-40","-0.82","62644291620"
"090460","비에이치","KOSPI","전기전자","25250","250","1.00","870225569750"
"005180","빙그레","KOSPI","음식료품","86900","700","0.81","856072842900"
"003960","사조대림","KOSPI","음식료품","91800","6400","7.49","841298070600"
"008040","사조동아원","KOSPI","음식료품","1071","-16","-1.47","151165866600"
"007160","사조산업","KOSPI","농업, 임업 및 어업","43700","450","1.04","218500000000"
"014710","사조씨푸드","KOSPI","음식료품","7020","140","2.03","120874171860"
"006090","사조오양","KOSPI","음식료품","10150","-60","-0.59","95640800850"
"001470","삼부토건","KOSPI","건설업","1487","70","4.94","315300137224"
"028050","삼성E&A","KOSPI","서비스업","23650","200","0.85","4635400000000"
"448730","삼성FN리츠","KOSPI","서비스업","5080","0","0.00","392684000000"
"006400","삼성SDI","KOSPI","전기전자","377500","-2500","-0.66","25958610075000"
"006405","삼성SDI우","KOSPI","전기전자","228000","-3500","-1.51","368880288000"
"006660","삼성공조","KOSPI","운수장비","15580","-110","-0.70","126607972120"
"028260","삼성물산","KOSPI","유통업","147900","-200","-0.14","26294269425300"
"02826K","삼성물산우B","KOSPI","유통업","113800","400","0.35","167011742000"
"207940","삼성바이오로직스","KOSPI","의약품","819000","-4000","-0.49","58291506000000"
"032830","삼성생명","KOSPI","보험","92900","-1600","-1.69","18580000000000"
"018260","삼성에스디에스","KOSPI","서비스업","156300","-1500","-0.95","12094150140000"
"009150","삼성전기","KOSPI","전기전자","160400","-4400","-2.67","11980868838400"
"009155","삼성전기우","KOSPI","전기전자","76000","0","0.00","220930784000"
"005930","삼성전자","KOSPI","전기전자","86700","2300","2.73","517580147085000"
"005935","삼성전자우","KOSPI","전기전자","68600","1600","2.39","56450027620000"
"001360","삼성제약","KOSPI","의약품","1612","-4","-0.25","151789271348"
"010140","삼성중공업","KOSPI","운수장비","9940","40","0.40","8747200000000"
"016360","삼성증권","KOSPI","증권","44400","300","0.68","3964920000000"
"068290","삼성출판사","KOSPI","서비스업","17310","360","2.12","173100000000"
"029780","삼성카드","KOSPI","기타금융","39000","-600","-1.52","4518496749000"
"000810","삼성화재","KOSPI","보험","371500","-10500","-2.75","17599751945500"
"000815","삼성화재우","KOSPI","보험","279000","-3000","-1.06","890568000000"
"006110","삼아알미늄","KOSPI","철강금속","68400","-1400","-2.01","1006295054400"
"145990","삼양사","KOSPI","음식료품","49900","-200","-0.40","514641105100"
"145995","삼양사우","KOSPI","음식료품","30250","100","0.33","11194617500"
"003230","삼양식품","KOSPI","음식료품","636000","43000","7.25","4790997540000"
"002170","삼양통상","KOSPI","기타제조업","48500","50","0.10","145500000000"
"272550","삼양패키징","KOSPI","화학","18340","40","0.22","289564226140"
"000070","삼양홀딩스","KOSPI","기타금융","68600","-700","-1.01","587508990600"
"000075","삼양홀딩스우","KOSPI","기타금융","54100","-300","-0.55","16449537800"
"003720","삼영","KOSPI","화학","4160","30","0.73","141440000000"
"002810","삼영무역","KOSPI","유통업","13200","-50","-0.38","243763713600"
"005680","삼영전자","KOSPI","전기전자","9180","-160","-1.71","183600000000"
"023000","삼원강재","KOSPI","운수장비","2750","10","0.36","110000000000"
"004380","삼익THK","KOSPI","기계","12150","0","0.00","255150000000"
"002450","삼익악기","KOSPI","기타제조업","1098","-4","-0.36","99402944670"
"004440","삼일씨엔에스","KOSPI","비금속광물","4635","10","0.22","59012574345"
"000520","삼일제약","KOSPI","의약품","8930","360","4.20","188753722550"
"009770","삼정펄프","KOSPI","종이목재","26550","-50","-0.19","66374230050"
"005500","삼진제약","KOSPI","의약품","19950","0","0.00","277305000000"
"004690","삼천리","KOSPI","전기가스업","90200","-500","-0.55","365763255000"
"010960","삼호개발","KOSPI","건설업","3535","35","1.00","88375000000"
"004450","삼화왕관","KOSPI","기계","31300","-150","-0.48","67432062700"
"009470","삼화전기","KOSPI","전기전자","59600","-1400","-2.30","394183672000"
"011230","삼화전자","KOSPI","전기전자","3850","15","0.39","65075395000"
"001820","삼화콘덴서","KOSPI","전기전자","46650","1700","3.78","484926750000"
"000390","삼화페인트","KOSPI","화학","8170","190","2.38","222252341730"
"001290","상상인증권","KOSPI","증권","629","-1","-0.16","68144048480"
"041650","상신브레이크","KOSPI","운수장비","3805","-10","-0.26","81698867250"
"075180","새론오토모티브","KOSPI","운수장비","3890","25","0.65","74688000000"
"007540","샘표","KOSPI","기타금융","50800","500","0.99","146090640000"
"248170","샘표식품","KOSPI","음식료품","33750","700","2.12","154179652500"
"007860","서연","KOSPI","기타금융","8470","50","0.59","198874278680"
"200880","서연이화","KOSPI","운수장비","17900","300","1.70","483809022300"
"017390","서울가스","KOSPI","전기가스업","56600","300","0.53","283000000000"
"004410","서울식품","KOSPI","음식료품","178","1","0.56","66706489502"
"004415","서울식품우","KOSPI","음식료품","1446","9","0.63","3216627000"
"021050","서원","KOSPI","철강금속","1348","2","0.15","63995747320"
"008490","서흥","KOSPI","화학","20500","-50","-0.24","237166816500"
"007610","선도전기","KOSPI","전기전자","3000","0","0.00","54000000000"
"014910","성문전자","KOSPI","전기전자","1401","0","0.00","31467839985"
"014915","성문전자우","KOSPI","전기전자","5900","100","1.72","3540000000"
"003080","성보화학","KOSPI","화학","2915","-5","-0.17","58358300000"
"004980","성신양회","KOSPI","비금속광물","9160","80","0.88","224567228680"
"004985","성신양회우","KOSPI","비금속광물","12650","30","0.24","9305909250"
"011300","성안머티리얼스","KOSPI","섬유의복","1129","-6","-0.53","82748935032"
"000180","성창기업지주","KOSPI","서비스업","1715","-9","-0.52","119623994000"
"002420","세기상사","KOSPI","유통업","6060","310","5.39","33686618880"
"004360","세방","KOSPI","운수창고업","13380","190","1.44","258350272200"
"004365","세방우","KOSPI","운수창고업","7700","10","0.13","28407225000"
"004490","세방전지","KOSPI","전기전자","96500","2500","2.66","1351000000000"
"001430","세아베스틸지주","KOSPI","철강금속","20750","250","1.22","744138969250"
"306200","세아제강","KOSPI","철강금속","127400","2400","1.92","361344620000"
"003030","세아제강지주","KOSPI","기타금융","191400","5100","2.74","792713149800"
"019440","세아특수강","KOSPI","철강금속","13930","-20","-0.14","119380100000"
"058650","세아홀딩스","KOSPI","철강금속","101900","700","0.69","407600000000"
"013000","세우글로벌","KOSPI","유통업","1312","13","1.00","37661000672"
"091090","세원이앤씨","KOSPI","기계","1270","0","0.00","54838923850"
"021820","세원정공","KOSPI","운수장비","8470","60","0.71","84700000000"
"067830","세이브존I&C","KOSPI","유통업","2330","5","0.22","95625285350"
"075580","세진중공업","KOSPI","운수장비","10220","270","2.71","581001440320"
"068270","셀트리온","KOSPI","의약품","188700","-100","-0.05","40946621180100"
"336370","솔루스첨단소재","KOSPI","전기전자","18390","-220","-1.18","1291296956160"
"33637K","솔루스첨단소재1우","KOSPI","전기전자","3385","35","1.04","57236172910"
"33637L","솔루스첨단소재2우B","KOSPI","전기전자","6730","70","1.05","25427932080"
"248070","솔루엠","KOSPI","전기전자","19630","20","0.10","981608966130"
"004430","송원산업","KOSPI","화학","12250","0","0.00","294000000000"
"126720","수산인더스트리","KOSPI","건설업","24750","700","2.91","353578500000"
"017550","수산중공업","KOSPI","기계","2045","47","2.35","127606220850"
"053210","스카이라이프","KOSPI","서비스업","5070","-10","-0.20","240941381850"
"204210","스타에스엠리츠","KOSPI","서비스업","2835","5","0.18","22189020525"
"026890","스틱인베스트먼트","KOSPI","기타금융","9520","-200","-2.06","396776226000"
"134790","시디즈","KOSPI","기타제조업","28450","250","0.89","56900000000"
"462870","시프트업","KOSPI","서비스업","71400","1300","1.85","4143036408000"
"016590","신대양제지","KOSPI","종이목재","5720","20","0.35","230503530400"
"029530","신도리코","KOSPI","전기전자","38200","400","1.06","385057107800"
"004970","신라교역","KOSPI","농업, 임업 및 어업","11110","120","1.09","177760000000"
"011930","신성이엔지","KOSPI","전기전자","1996","-9","-0.45","410872909396"
"005390","신성통상","KOSPI","유통업","2285","0","0.00","328373671150"
"004170","신세계","KOSPI","유통업","157900","-2600","-1.62","1554554079900"
"035510","신세계 I&C","KOSPI","서비스업","10370","20","0.19","178364000000"
"034300","신세계건설","KOSPI","건설업","13000","-170","-1.29","100887202000"
"031430","신세계인터내셔날","KOSPI","유통업","15310","120","0.79","546567000000"
"031440","신세계푸드","KOSPI","서비스업","39000","450","1.17","151026720000"
"006880","신송홀딩스","KOSPI","유통업","8060","-80","-0.98","95340595480"
"005800","신영와코루","KOSPI","섬유의복","9000","10","0.11","81000000000"
"001720","신영증권","KOSPI","증권","71400","200","0.28","1173816000000"
"009270","신원","KOSPI","섬유의복","1355","16","1.19","139004512380"
"002700","신일전자","KOSPI","유통업","1673","-17","-1.01","118862502633"
"002870","신풍","KOSPI","유통업","898","22","2.51","31392912600"
"019170","신풍제약","KOSPI","의약품","12320","70","0.57","652775076800"
"019175","신풍제약우","KOSPI","의약품","20500","-50","-0.24","45100000000"
"481850","신한글로벌액티브리츠","KOSPI","기타금융","2900","5","0.17","126085225600"
"404990","신한서부티엔디리츠","KOSPI","서비스업","4100","-100","-2.38","229419124400"
"293940","신한알파리츠","KOSPI","서비스업","6270","70","1.13","552387771210"
"055550","신한지주","KOSPI","기타금융","51800","-600","-1.15","26386568485200"
"004080","신흥","KOSPI","유통업","13690","-310","-2.21","130055000000"
"102280","쌍방울","KOSPI","섬유의복","269","0","0.00","70637282701"
"004770","써니전자","KOSPI","전기전자","1665","0","0.00","61110301860"
"403550","쏘카","KOSPI","서비스업","19850","-550","-2.70","650973842200"
"004920","씨아이테크","KOSPI","전기전자","1128","6","0.53","56474214504"
"112610","씨에스윈드","KOSPI","기계","48300","-1200","-2.42","2036878764900"
"308170","씨티알모빌리티","KOSPI","운수장비","7940","0","0.00","68363400000"
"008700","아남전자","KOSPI","전기전자","1615","-14","-0.86","124556584300"
"002790","아모레G","KOSPI","화학","29700","-550","-1.82","2449007946000"
"00279K","아모레G3우(전환)","KOSPI","화학","20700","-200","-0.96","146808540000"
"002795","아모레G우","KOSPI","화학","10700","60","0.56","68948339000"
"090430","아모레퍼시픽","KOSPI","화학","150200","-4600","-2.97","8785612401800"
"090435","아모레퍼시픽우","KOSPI","화학","44500","-1350","-2.94","469823435000"
"002030","아세아","KOSPI","서비스업","254000","-1000","-0.39","537374592000"
"183190","아세아시멘트","KOSPI","비금속광물","11190","350","3.23","430836104340"
"002310","아세아제지","KOSPI","종이목재","8360","-10","-0.12","374381783600"
"012170","아센디오","KOSPI","서비스업","924","-25","-2.63","95698206912"
"267850","아시아나IDT","KOSPI","서비스업","16940","-10","-0.06","188034000000"
"020560","아시아나항공","KOSPI","운수창고업","10330","-20","-0.19","768673522120"
"122900","아이마켓코리아","KOSPI","유통업","8600","0","0.00","287488024000"
"010780","아이에스동서","KOSPI","비금속광물","24850","200","0.81","750146353600"
"139990","아주스틸","KOSPI","철강금속","5410","10","0.19","143106342490"
"001780","알루코","KOSPI","철강금속","2875","45","1.59","277959692000"
"018250","애경산업","KOSPI","화학","18820","-110","-0.58","497034976700"
"161000","애경케미칼","KOSPI","화학","12420","-230","-1.82","604216965780"
"011090","에넥스","KOSPI","기타제조업","532","4","0.76","31915553012"
"137310","에스디바이오센서","KOSPI","의료정밀","9210","-70","-0.75","1146436421130"
"118000","에스메디","KOSPI","유통업","444","8","1.83","63393149172"
"005850","에스엘","KOSPI","운수장비","40600","0","0.00","1885809912000"
"010580","에스엠벡셀","KOSPI","운수장비","1427","133","10.28","158756261520"
"012750","에스원","KOSPI","서비스업","59900","-1100","-1.80","2276150762200"
"033530","에스제이지세종","KOSPI","운수장비","5170","0","0.00","143834368370"
"023960","에쓰씨엔지니어링","KOSPI","건설업","1465","18","1.24","48156425200"
"298690","에어부산","KOSPI","운수창고업","2630","-15","-0.57","306763200000"
"140910","에이리츠","KOSPI","서비스업","3130","0","0.00","13969290160"
"078520","에이블씨엔씨","KOSPI","화학","8360","-10","-0.12","217478385960"
"015260","에이엔피","KOSPI","전기전자","842","1","0.12","37988424748"
"007460","에이프로젠","KOSPI","기계","1567","33","2.15","435763156376"
"003060","에이프로젠바이오로직스","KOSPI","의약품","1110","-21","-1.86","146884689390"
"244920","에이플러스에셋","KOSPI","기타금융","4120","105","2.62","93143695160"
"278470","에이피알","KOSPI","화학","291000","7500","2.65","2217471798000"
"450080","에코프로머티","KOSPI","전기전자","101600","-400","-0.39","7017572756800"
"036570","엔씨소프트","KOSPI","서비스업","187800","-2600","-1.37","4122965331600"
"085310","엔케이","KOSPI","기계","895","8","0.90","71585100040"
"900140","엘브이엠씨홀딩스","KOSPI","유통업","2565","50","1.99","440124274215"
"066970","엘앤에프","KOSPI","전기전자","133500","-4500","-3.26","4845347523000"
"097520","엠씨넥스","KOSPI","전기전자","22750","100","0.44","408993403000"
"014440","영보화학","KOSPI","화학","3655","30","0.83","73100000000"
"111770","영원무역","KOSPI","유통업","38150","-300","-0.78","1690482504200"
"009970","영원무역홀딩스","KOSPI","기타금융","82800","-1800","-2.13","1129027017600"
"003520","영진약품","KOSPI","의약품","2230","-15","-0.67","407850790130"
"000670","영풍","KOSPI","철강금속","340000","-5500","-1.59","626293600000"
"006740","영풍제지","KOSPI","종이목재","1459","-8","-0.55","67817453932"
"012280","영화금속","KOSPI","운수장비","887","-3","-0.34","45826415935"
"012160","영흥","KOSPI","철강금속","521","10","1.96","52782703812"
"015360","예스코홀딩스","KOSPI","서비스업","43850","-400","-0.90","263100000000"
"007310","오뚜기","KOSPI","음식료품","435500","3000","0.69","1745409965000"
"002630","오리엔트바이오","KOSPI","의약품","526","3","0.57","62374660630"
"271560","오리온","KOSPI","음식료품","91900","-100","-0.11","3633370530800"
"001800","오리온홀딩스","KOSPI","기타금융","15190","-160","-1.04","951583960180"
"011690","와이투솔루션","KOSPI","전기전자","3390","30","0.89","123987195660"
"316140","우리금융지주","KOSPI","기타금융","14750","-90","-0.61","10953224639750"
"006980","우성","KOSPI","음식료품","18010","0","0.00","55650900000"
"017370","우신시스템","KOSPI","기계","7540","50","0.67","138087967160"
"105840","우진","KOSPI","의료정밀","10340","590","6.05","210146168760"
"010400","우진아이엔에스","KOSPI","건설업","3820","-50","-1.29","29116040000"
"049800","우진플라임","KOSPI","기계","2500","-70","-2.72","50000000000"
"016880","웅진","KOSPI","서비스업","1150","-12","-1.03","91916142000"
"095720","웅진씽크빅","KOSPI","서비스업","2045","-20","-0.97","236209739325"
"005820","원림","KOSPI","섬유의복","16650","-130","-0.77","38261200500"
"010600","웰바이오텍","KOSPI","유통업","545","0","0.00","49553256815"
"008600","윌비스","KOSPI","유통업","437","-1","-0.23","29382149043"
"033270","유나이티드제약","KOSPI","의약품","24000","-350","-1.44","392011728000"
"014830","유니드","KOSPI","화학","103300","1300","1.27","699093080000"
"446070","유니드비티플러스","KOSPI","종이목재","5070","205","4.21","53798860050"
"000910","유니온","KOSPI","비금속광물","5040","80","1.61","78682559760"
"047400","유니온머티리얼","KOSPI","비금속광물","2660","110","4.31","111720000000"
"011330","유니켐","KOSPI","기타제조업","1652","-3","-0.18","159840467612"
"077500","유니퀘스트","KOSPI","유통업","5910","120","2.07","128802628650"
"002920","유성기업","KOSPI","운수장비","2525","15","0.60","65517437500"
"000700","유수홀딩스","KOSPI","서비스업","5500","10","0.18","143229966000"
"003470","유안타증권","KOSPI","증권","3050","0","0.00","608769556800"
"003475","유안타증권우","KOSPI","증권","3075","45","1.49","39705051900"
"072130","유엔젤","KOSPI","서비스업","3405","15","0.44","44930520870"
"000220","유유제약","KOSPI","의약품","4835","0","0.00","82351417085"
"000225","유유제약1우","KOSPI","의약품","5030","-10","-0.20","11402657900"
"000227","유유제약2우B","KOSPI","의약품","11670","120","1.04","3799285200"
"001200","유진투자증권","KOSPI","증권","5630","-360","-6.01","545357933340"
"000100","유한양행","KOSPI","의약품","97200","2300","2.42","7796321020800"
"000105","유한양행우","KOSPI","의약품","74800","600","0.81","88334312000"
"003460","유화증권","KOSPI","증권","2215","-5","-0.23","125595849225"
"003465","유화증권우","KOSPI","증권","2160","-15","-0.69","37749078000"
"008730","율촌화학","KOSPI","화학","36350","-550","-1.49","901480000000"
"008250","이건산업","KOSPI","종이목재","5450","50","0.93","59691860750"
"025820","이구산업","KOSPI","철강금속","5580","130","2.39","186606360000"
"214320","이노션","KOSPI","서비스업","20250","-450","-2.17","810000000000"
"088260","이리츠코크렙","KOSPI","서비스업","5000","65","1.32","316707950000"
"139480","이마트","KOSPI","유통업","57600","-700","-1.20","1605647174400"
"457190","이수스페셜티케미컬","KOSPI","화학","44500","-350","-0.78","1344268460000"
"007660","이수페타시스","KOSPI","전기전자","52800","-300","-0.56","3339410923200"
"005950","이수화학","KOSPI","화학","10000","-30","-0.30","227227390000"
"015020","이스타코","KOSPI","서비스업","677","-10","-1.46","29010533200"
"093230","이아이디","KOSPI","유통업","1392","0","0.00","354103029120"
"074610","이엔플러스","KOSPI","기계","2390","-30","-1.24","173910582260"
"102460","이연제약","KOSPI","의약품","14320","-340","-2.32","266163133520"
"084680","이월드","KOSPI","기타제조업","1919","69","3.73","272126084367"
"350520","이지스레지던스리츠","KOSPI","서비스업","4195","-10","-0.24","118964398315"
"334890","이지스밸류리츠","KOSPI","서비스업","5130","20","0.39","263904995970"
"000760","이화산업","KOSPI","유통업","14270","30","0.21","39956000000"
"014990","인디에프","KOSPI","섬유의복","705","162","29.83","52954661475"
"101140","인바이오젠","KOSPI","유통업","9340","0","0.00","93812977440"
"006490","인스코비","KOSPI","통신업","866","-35","-3.88","101796402594"
"023800","인지컨트롤스","KOSPI","운수장비","7250","-40","-0.55","114616678250"
"034590","인천도시가스","KOSPI","전기가스업","25700","200","0.78","112431177800"
"129260","인터지스","KOSPI","운수창고업","2290","-10","-0.43","68122631460"
"023810","인팩","KOSPI","운수장비","8130","30","0.37","81300000000"
"249420","일동제약","KOSPI","의약품","13960","20","0.14","391752513960"
"000230","일동홀딩스","KOSPI","의약품","7880","70","0.90","90938352000"
"013360","일성건설","KOSPI","건설업","1437","94","7.00","77633752560"
"003120","일성아이에스","KOSPI","의약품","18460","-190","-1.02","245518000000"
"003200","일신방직","KOSPI","섬유의복","8420","40","0.48","196017600000"
"007110","일신석재","KOSPI","유통업","1596","266","20.00","123620749560"
"007570","일양약품","KOSPI","의약품","13170","-20","-0.15","251358194880"
"007575","일양약품우","KOSPI","의약품","12490","60","0.48","5559049200"
"008500","일정실업","KOSPI","섬유의복","12760","20","0.16","15312000000"
"081000","일진다이아","KOSPI","화학","15290","-400","-2.55","217163487750"
"020760","일진디스플","KOSPI","전기전자","1084","8","0.74","55840895244"
"103590","일진전기","KOSPI","전기전자","29400","1000","3.52","1401950466000"
"271940","일진하이솔루스","KOSPI","운수장비","22300","-100","-0.45","809784137000"
"015860","일진홀딩스","KOSPI","기타금융","4050","5","0.12","199857306150"
"226320","잇츠한불","KOSPI","화학","13400","-70","-0.52","293852821000"
"317400","자이에스앤디","KOSPI","서비스업","4610","80","1.77","178787417200"
"033240","자화전자","KOSPI","전기전자","24250","-500","-2.02","537279847500"
"000950","전방","KOSPI","섬유의복","20900","100","0.48","35112000000"
"348950","제이알글로벌리츠","KOSPI","서비스업","3900","-10","-0.26","769766400000"
"194370","제이에스코퍼레이션","KOSPI","기타제조업","17680","-310","-1.72","235773425680"
"025620","제이준코스메틱","KOSPI","화학","6030","60","1.01","27043621380"
"030000","제일기획","KOSPI","서비스업","18010","-70","-0.39","2071892462250"
"271980","제일약품","KOSPI","의약품","15630","-60","-0.38","229837149360"
"001560","제일연마","KOSPI","비금속광물","8610","90","1.06","85239000000"
"002620","제일파마홀딩스","KOSPI","서비스업","9720","-60","-0.61","155261010600"
"006220","제주은행","KOSPI","은행","11020","-280","-2.48","354059089480"
"089590","제주항공","KOSPI","운수창고업","10070","-10","-0.10","812054718950"
"004910","조광페인트","KOSPI","화학","7460","170","2.33","95488000000"
"004700","조광피혁","KOSPI","기타제조업","52100","600","1.17","346420089800"
"001550","조비","KOSPI","화학","12570","20","0.16","65266444230"
"462520","조선내화","KOSPI","비금속광물","18740","90","0.48","222165848320"
"120030","조선선재","KOSPI","기계","96000","600","0.63","120734496000"
"018470","조일알미늄","KOSPI","철강금속","2015","-10","-0.49","255162917815"
"002600","조흥","KOSPI","음식료품","170900","2400","1.42","102540000000"
"185750","종근당","KOSPI","의약품","107900","-2700","-2.44","1421519918000"
"063160","종근당바이오","KOSPI","의약품","22650","-250","-1.09","124257039300"
"001630","종근당홀딩스","KOSPI","의약품","55600","-600","-1.07","278548271600"
"109070","주성코퍼레이션","KOSPI","전기전자","4100","0","0.00","216521943000"
"044380","주연테크","KOSPI","전기전자","393","0","0.00","23265302892"
"013890","지누스","KOSPI","기타제조업","15280","0","0.00","316833917120"
"013870","지엠비코리아","KOSPI","운수장비","4325","0","0.00","82487611000"
"071320","지역난방공사","KOSPI","전기가스업","47100","-650","-1.36","545358842400"
"088790","진도","KOSPI","유통업","1950","-16","-0.81","24273100800"
"003780","진양산업","KOSPI","화학","6760","240","3.68","87880000000"
"010640","진양폴리","KOSPI","화학","7120","310","4.55","71200000000"
"100250","진양홀딩스","KOSPI","화학","3235","20","0.62","180821269620"
"051630","진양화학","KOSPI","화학","3640","35","0.97","57512000000"
"272450","진에어","KOSPI","운수창고업","11120","-30","-0.27","580464000000"
"011000","진원생명과학","KOSPI","의약품","2135","10","0.47","170883339725"
"002780","진흥기업","KOSPI","건설업","941","11","1.18","136888912045"
"002787","진흥기업2우B","KOSPI","건설업","12650","180","1.44","3729321200"
"002785","진흥기업우B","KOSPI","건설업","4200","45","1.08","3600315600"
"009310","참엔지니어링","KOSPI","기계","470","8","1.73","39887686930"
"000650","천일고속","KOSPI","운수창고업","47650","1450","3.14","68102333000"
"012600","청호ICT","KOSPI","기계","2490","0","0.00","116119947330"
"033250","체시스","KOSPI","운수장비","1507","-23","-1.50","48224000000"
"035720","카카오","KOSPI","서비스업","41900","-350","-0.83","18580277454400"
"323410","카카오뱅크","KOSPI","은행","21500","-650","-2.93","10253911945500"
"377300","카카오페이","KOSPI","기타금융","28100","-700","-2.43","3781163706600"
"006380","카프로","KOSPI","화학","3660","0","0.00","618539985360"
"001620","케이비아이동국실업","KOSPI","운수장비","627","9","1.46","69780730437"
"029460","케이씨","KOSPI","의료정밀","21250","300","1.43","288023435000"
"281820","케이씨텍","KOSPI","의료정밀","52000","-700","-1.33","1084800912000"
"381970","케이카","KOSPI","유통업","13200","20","0.15","636003363600"
"145270","케이탑리츠","KOSPI","서비스업","1026","1","0.10","49310354124"
"417310","코람코더원리츠","KOSPI","서비스업","5110","20","0.39","206444000000"
"357120","코람코라이프인프라리츠","KOSPI","서비스업","4640","30","0.65","410799959360"
"007815","코리아써우","KOSPI","전기전자","7080","-10","-0.14","20990005200"
"007810","코리아써키트","KOSPI","전기전자","15690","200","1.29","370609583190"
"00781K","코리아써키트2우B","KOSPI","전기전자","6970","-10","-0.14","5462382030"
"003690","코리안리","KOSPI","보험","7950","-50","-0.63","1314671831700"
"192820","코스맥스","KOSPI","화학","178400","-1800","-1.00","2024752405600"
"044820","코스맥스비티아이","KOSPI","기타금융","10060","40","0.40","96615445260"
"005070","코스모신소재","KOSPI","화학","138000","-3200","-2.27","4486484328000"
"005420","코스모화학","KOSPI","화학","25150","-1050","-4.01","965966934200"
"071950","코아스","KOSPI","기타제조업","1045","5","0.48","32298034450"
"002020","코오롱","KOSPI","기타금융","16720","-460","-2.68","211113842720"
"138490","코오롱ENP","KOSPI","화학","7500","50","0.67","285000000000"
"003070","코오롱글로벌","KOSPI","건설업","11450","-170","-1.46","216779563850"
"003075","코오롱글로벌우","KOSPI","건설업","18500","-620","-3.24","13703634500"
"450140","코오롱모빌리티그룹","KOSPI","유통업","2845","-20","-0.70","178601276250"
"45014K","코오롱모빌리티그룹우","KOSPI","유통업","5300","0","0.00","13017436000"
"002025","코오롱우","KOSPI","기타금융","13880","-220","-1.56","14940293200"
"120110","코오롱인더","KOSPI","화학","39450","-100","-0.25","1085628139950"
"120115","코오롱인더우","KOSPI","화학","22950","200","0.88","63522387000"
"021240","코웨이","KOSPI","서비스업","64000","-1000","-1.54","4723175616000"
"036420","콘텐트리중앙","KOSPI","서비스업","10620","-140","-1.30","204565710960"
"024720","콜마홀딩스","KOSPI","기타금융","9020","50","0.56","331661070400"
"031820","콤텍시스템","KOSPI","서비스업","636","-6","-0.93","76988732376"
"192400","쿠쿠홀딩스","KOSPI","기타금융","22750","750","3.41","809039708750"
"284740","쿠쿠홈시스","KOSPI","서비스업","22750","200","0.89","510449257500"
"264900","크라운제과","KOSPI","음식료품","10130","20","0.20","126866600500"
"26490K","크라운제과우","KOSPI","음식료품","10640","-50","-0.47","8230678400"
"005740","크라운해태홀딩스","KOSPI","기타금융","6620","-80","-1.19","98289437140"
"005745","크라운해태홀딩스우","KOSPI","기타금융","9940","230","2.37","5971216440"
"259960","크래프톤","KOSPI","서비스업","275000","-5000","-1.79","13169544575000"
"020120","키다리스튜디오","KOSPI","서비스업","4195","10","0.24","155411183370"
"039490","키움증권","KOSPI","증권","143600","2500","1.77","3665634981600"
"014580","태경비케이","KOSPI","비금속광물","5330","20","0.38","147017923000"
"015890","태경산업","KOSPI","화학","5590","50","0.90","163388712500"
"006890","태경케미컬","KOSPI","화학","13250","-90","-0.67","153700000000"
"003240","태광산업","KOSPI","화학","647000","-4000","-0.61","720369800000"
"011280","태림포장","KOSPI","종이목재","2575","5","0.19","182325295500"
"004100","태양금속","KOSPI","운수장비","3455","-20","-0.58","126798500000"
"004105","태양금속우","KOSPI","운수장비","5340","40","0.75","17622000000"
"009410","태영건설","KOSPI","건설업","4620","0","0.00","53010161820"
"009415","태영건설우","KOSPI","건설업","7130","0","0.00","4634314620"
"001420","태원물산","KOSPI","운수장비","4100","0","0.00","31160000000"
"055490","테이팩스","KOSPI","화학","23050","-950","-3.96","109940432500"
"078000","텔코웨어","KOSPI","서비스업","10690","0","0.00","103721927140"
"214420","토니모리","KOSPI","화학","10670","-130","-1.20","256664705330"
"019180","티에이치엔","KOSPI","전기전자","3475","15","0.43","62550000000"
"363280","티와이홀딩스","KOSPI","기타금융","3790","150","4.12","191126925720"
"36328K","티와이홀딩스우","KOSPI","기타금융","5230","120","2.35","6500963220"
"091810","티웨이항공","KOSPI","운수창고업","2690","5","0.19","579369445440"
"004870","티웨이홀딩스","KOSPI","비금속광물","540","8","1.50","60270314220"
"034230","파라다이스","KOSPI","서비스업","12970","20","0.15","1190277950310"
"005690","파미셀","KOSPI","의약품","5530","-30","-0.54","331893810920"
"036580","팜스코","KOSPI","음식료품","2855","35","1.24","104858277265"
"004720","팜젠사이언스","KOSPI","의약품","5310","30","0.57","96527967750"
"028670","팬오션","KOSPI","운수창고업","3885","-20","-0.51","2076802554120"
"010820","퍼스텍","KOSPI","기계","3195","105","3.40","155826341910"
"016800","퍼시스","KOSPI","기타제조업","46000","-1500","-3.16","529000000000"
"001020","페이퍼코리아","KOSPI","종이목재","755","-7","-0.92","134377401315"
"090080","평화산업","KOSPI","운수장비","1119","3","0.27","61435627821"
"010770","평화홀딩스","KOSPI","운수장비","2990","15","0.50","43730143340"
"022100","포스코DX","KOSPI","서비스업","36000","-1100","-2.96","5473250244000"
"058430","포스코스틸리온","KOSPI","철강금속","45500","400","0.89","273000000000"
"047050","포스코인터내셔널","KOSPI","유통업","53700","-1300","-2.36","9447053715600"
"003670","포스코퓨처엠","KOSPI","전기전자","268500","-4500","-1.65","20798874570000"
"017810","풀무원","KOSPI","음식료품","14950","420","2.89","569902102900"
"103140","풍산","KOSPI","철강금속","68800","1900","2.84","1928070326400"
"005810","풍산홀딩스","KOSPI","기타금융","28600","100","0.35","412334551200"
"950210","프레스티지바이오파마","KOSPI","서비스업","9570","30","0.31","575120203350"
"009810","플레이그램","KOSPI","유통업","519","-3","-0.57","78829612500"
"086790","하나금융지주","KOSPI","기타금융","62000","-400","-0.64","18126109076000"
"293480","하나제약","KOSPI","의약품","12880","80","0.63","228915544480"
"039130","하나투어","KOSPI","서비스업","57000","-300","-0.52","914233545000"
"352820","하이브","KOSPI","서비스업","188200","-1500","-0.79","7838924655400"
"071090","하이스틸","KOSPI","철강금속","3675","175","5.00","74203655925"
"019490","하이트론","KOSPI","전기전자","938","3","0.32","25899328112"
"000080","하이트진로","KOSPI","음식료품","20400","-50","-0.24","1430725664400"
"000087","하이트진로2우B","KOSPI","음식료품","16310","-40","-0.24","18432550780"
"000140","하이트진로홀딩스","KOSPI","기타금융","9130","-30","-0.33","211877764450"
"000145","하이트진로홀딩스우","KOSPI","기타금융","12480","190","1.55","5875708800"
"152550","한국ANKOR유전","KOSPI","기타금융","401","-4","-0.99","28078020000"
"036460","한국가스공사","KOSPI","전기가스업","42450","-650","-1.51","3918686850000"
"005430","한국공항","KOSPI","운수창고업","73800","-300","-0.40","233676999000"
"071050","한국금융지주","KOSPI","기타금융","71900","400","0.56","4006698824800"
"071055","한국금융지주우","KOSPI","기타금융","49950","150","0.30","292619637450"
"010040","한국내화","KOSPI","비금속광물","2670","20","0.75","109649055540"
"025540","한국단자","KOSPI","전기전자","65400","700","1.08","681141000000"
"010100","한국무브넥스","KOSPI","운수장비","4735","20","0.42","144182738700"
"004090","한국석유","KOSPI","비금속광물","16810","-490","-2.83","213388157200"
"002200","한국수출포장","KOSPI","종이목재","2585","20","0.78","103400000000"
"002960","한국쉘석유","KOSPI","화학","312500","-500","-0.16","406250000000"
"000240","한국앤컴퍼니","KOSPI","기타금융","15510","0","0.00","1472445572400"
"123890","한국자산신탁","KOSPI","기타금융","3035","25","0.83","376272477320"
"015760","한국전력","KOSPI","전기가스업","19620","-140","-0.71","12595335190740"
"006200","한국전자홀딩스","KOSPI","기타금융","875","-4","-0.46","40952744000"
"027970","한국제지","KOSPI","종이목재","1136","-2","-0.18","216042477232"
"023350","한국종합기술","KOSPI","서비스업","5450","60","1.11","59677500000"
"025890","한국주강","KOSPI","기계","2205","212","10.64","24936916095"
"000970","한국주철관","KOSPI","철강금속","6700","20","0.30","152763350000"
"104700","한국철강","KOSPI","철강금속","8980","-70","-0.77","381201000000"
"017960","한국카본","KOSPI","기계","10830","90","0.84","562168535160"
"161890","한국콜마","KOSPI","화학","59700","-1200","-1.97","1409223096900"
"161390","한국타이어앤테크놀로지","KOSPI","화학","42200","-100","-0.24","5227527911800"
"034830","한국토지신탁","KOSPI","기타금융","1068","24","2.30","269658497640"
"007280","한국특강","KOSPI","철강금속","1603","-2","-0.12","97483737533"
"168490","한국패러랠","KOSPI","기타금융","223","1","0.45","17844460000"
"047810","한국항공우주","KOSPI","운수장비","49400","350","0.71","4815270285800"
"123690","한국화장품","KOSPI","유통업","8480","-100","-1.17","136256640000"
"003350","한국화장품제조","KOSPI","화학","65300","1800","2.83","295939600000"
"011500","한농화성","KOSPI","화학","14790","-160","-1.07","231271851180"
"002390","한독","KOSPI","의약품","16400","-210","-1.26","225721941200"
"053690","한미글로벌","KOSPI","서비스업","18430","1740","10.43","201947646500"
"042700","한미반도체","KOSPI","기계","157900","-2600","-1.62","15315294808600"
"008930","한미사이언스","KOSPI","기타금융","33250","-200","-0.60","2274019037500"
"128940","한미약품","KOSPI","의약품","304000","-2500","-0.82","3894541264000"
"009240","한샘","KOSPI","유통업","60100","-1200","-1.96","1414389072800"
"020000","한섬","KOSPI","섬유의복","17630","40","0.23","412515555000"
"003680","한성기업","KOSPI","음식료품","7890","-100","-1.25","48993073350"
"105630","한세실업","KOSPI","섬유의복","21400","-200","-0.93","856000000000"
"069640","한세엠케이","KOSPI","유통업","1999","33","1.68","60182897498"
"016450","한세예스24홀딩스","KOSPI","섬유의복","4740","15","0.32","189600000000"
"010420","한솔PNS","KOSPI","유통업","1045","0","0.00","21415197540"
"009180","한솔로지스틱스","KOSPI","운수창고업","2735","-5","-0.18","76735963375"
"213500","한솔제지","KOSPI","종이목재","10480","-110","-1.04","249430036480"
"014680","한솔케미칼","KOSPI","화학","185300","-200","-0.11","2100411633500"
"004710","한솔테크닉스","KOSPI","전기전자","5410","60","1.12","173714439980"
"004150","한솔홀딩스","KOSPI","기타금융","2685","10","0.37","112793029245"
"025750","한솔홈데코","KOSPI","종이목재","744","5","0.68","59940470856"
"004960","한신공영","KOSPI","건설업","6600","140","2.17","76366633200"
"011700","한신기계","KOSPI","기계","4995","-25","-0.50","162068524245"
"001750","한양증권","KOSPI","증권","15000","1050","7.53","190928010000"
"001755","한양증권우","KOSPI","증권","14980","880","6.24","7864500000"
"018880","한온시스템","KOSPI","기계","4785","-110","-2.25","2554233000000"
"009420","한올바이오파마","KOSPI","의약품","37750","700","1.89","1972084084500"
"014130","한익스프레스","KOSPI","운수창고업","4375","-5","-0.11","52500000000"
"300720","한일시멘트","KOSPI","비금속광물","13770","440","3.30","953731405800"
"002220","한일철강","KOSPI","철강금속","2295","60","2.68","61270670700"
"006390","한일현대시멘트","KOSPI","비금속광물","14940","190","1.29","288755419680"
"003300","한일홀딩스","KOSPI","비금속광물","13580","170","1.27","418710564720"
"051600","한전KPS","KOSPI","건설업","38500","850","2.26","1732500000000"
"052690","한전기술","KOSPI","서비스업","80200","5700","7.65","3065244000000"
"130660","한전산업","KOSPI","서비스업","15910","1530","10.64","518666000000"
"002320","한진","KOSPI","운수창고업","19520","70","0.36","291777698560"
"003480","한진중공업홀딩스","KOSPI","전기가스업","3590","-20","-0.55","106012025080"
"180640","한진칼","KOSPI","기타금융","71200","700","0.99","4753474264800"
"18064K","한진칼우","KOSPI","기타금융","24900","200","0.81","13365473400"
"005110","한창","KOSPI","유통업","1254","0","0.00","23332434378"
"009460","한창제지","KOSPI","종이목재","803","14","1.77","47912991258"
"372910","한컴라이프케어","KOSPI","의료정밀","4740","80","1.72","131176684440"
"000880","한화","KOSPI","화학","29050","-100","-0.34","2177551251750"
"00088K","한화3우B","KOSPI","화학","15850","-100","-0.63","356181200000"
"452260","한화갤러리아","KOSPI","유통업","1195","0","0.00","231662233950"
"45226K","한화갤러리아우","KOSPI","유통업","2835","5","0.18","8234172450"
"451800","한화리츠","KOSPI","서비스업","4960","-5","-0.10","350176000000"
"088350","한화생명","KOSPI","보험","3035","-65","-2.10","2635988550000"
"000370","한화손해보험","KOSPI","보험","5110","-50","-0.97","596535855650"
"009830","한화솔루션","KOSPI","화학","27100","-150","-0.55","4658287725600"
"009835","한화솔루션우","KOSPI","화학","22150","-200","-0.89","57043980350"
"272210","한화시스템","KOSPI","전기전자","19330","1030","5.63","3651811789370"
"012450","한화에어로스페이스","KOSPI","운수장비","265000","11500","4.54","13416950000000"
"082740","한화엔진","KOSPI","기계","14300","0","0.00","1193294130600"
"042660","한화오션","KOSPI","운수장비","30100","200","0.67","9221402859900"
"000885","한화우","KOSPI","화학","40000","0","0.00","19171760000"
"003530","한화투자증권","KOSPI","증권","3555","200","5.96","762717340125"
"003535","한화투자증권우","KOSPI","증권","7100","730","11.46","34080000000"
"195870","해성디에스","KOSPI","전기전자","45150","700","1.57","767550000000"
"101530","해태제과식품","KOSPI","음식료품","7010","-220","-3.04","204108922220"
"143210","핸즈코퍼레이션","KOSPI","운수장비","2285","-15","-0.65","49986081895"
"000720","현대건설","KOSPI","건설업","32900","950","2.97","3663604668500"
"000725","현대건설우","KOSPI","건설업","48700","350","0.72","51363549100"
"453340","현대그린푸드","KOSPI","유통업","12120","10","0.08","410636677680"
"086280","현대글로비스","KOSPI","운수창고업","127600","2700","2.16","4785000000000"
"064350","현대로템","KOSPI","운수장비","42950","3000","7.51","4687661484350"
"079430","현대리바트","KOSPI","기타제조업","10300","400","4.04","211513404600"
"012330","현대모비스","KOSPI","운수장비","232000","-2500","-1.07","21574861808000"
"069960","현대백화점","KOSPI","유통업","47500","-300","-0.63","1111615947500"
"004560","현대비앤지스틸","KOSPI","철강금속","17700","160","0.91","266894954700"
"004310","현대약품","KOSPI","의약품","3520","15","0.43","112640000000"
"017800","현대엘리베이","KOSPI","기계","43950","900","2.09","1718110320750"
"307950","현대오토에버","KOSPI","서비스업","169000","2500","1.50","4634652958000"
"011210","현대위아","KOSPI","운수장비","55900","-200","-0.36","1520205139700"
"004020","현대제철","KOSPI","철강금속","29300","-50","-0.17","3909961500500"
"005440","현대지에프홀딩스","KOSPI","기타금융","4350","60","1.40","678183709350"
"005380","현대차","KOSPI","운수장비","268500","-3000","-1.10","56228247283500"
"005387","현대차2우B","KOSPI","운수장비","172000","300","0.17","6150615252000"
"005389","현대차3우B","KOSPI","운수장비","165800","100","0.06","394670983200"
"005385","현대차우","KOSPI","운수장비","166800","-200","-0.12","3981847598400"
"001500","현대차증권","KOSPI","증권","9090","120","1.34","288267188580"
"011760","현대코퍼레이션","KOSPI","유통업","22950","1600","7.49","303604769700"
"227840","현대코퍼레이션홀딩스","KOSPI","유통업","11090","90","0.82","100928271240"
"126560","현대퓨처넷","KOSPI","통신업","3905","135","3.58","430342500225"
"001450","현대해상","KOSPI","보험","34000","-450","-1.31","3039600000000"
"057050","현대홈쇼핑","KOSPI","유통업","50300","200","0.40","603600000000"
"093240","형지엘리트","KOSPI","섬유의복","1137","8","0.71","35423005326"
"003010","혜인","KOSPI","유통업","5660","200","3.66","71954148020"
"111110","호전실업","KOSPI","섬유의복","7210","-20","-0.28","70297384640"
"008770","호텔신라","KOSPI","유통업","53000","-900","-1.67","2080150413000"
"008775","호텔신라우","KOSPI","유통업","40500","50","0.12","30451099500"
"378850","화승알앤에이","KOSPI","운수장비","4555","-80","-1.73","86515952765"
"241590","화승엔터프라이즈","KOSPI","기타제조업","7880","280","3.68","477443494880"
"006060","화승인더","KOSPI","화학","4170","50","1.21","230684400000"
"013520","화승코퍼레이션","KOSPI","운수장비","2105","15","0.72","105357885460"
"010690","화신","KOSPI","운수장비","12050","50","0.42","420790940500"
"133820","화인베스틸","KOSPI","철강금속","1032","8","0.78","31812553776"
"010660","화천기계","KOSPI","기계","3215","5","0.16","70730000000"
"000850","화천기공","KOSPI","기계","30050","-350","-1.15","66110000000"
"016580","환인제약","KOSPI","의약품","14760","-130","-0.87","274537033200"
"032560","황금에스티","KOSPI","철강금속","6190","0","0.00","105230000000"
"004800","효성","KOSPI","기타금융","59000","0","0.00","1207513706000"
"094280","효성ITX","KOSPI","서비스업","13510","140","1.05","156151282000"
"298040","효성중공업","KOSPI","전기전자","392000","11000","2.89","3655222816000"
"298050","효성첨단소재","KOSPI","화학","358500","-2500","-0.69","1606061358000"
"298020","효성티앤씨","KOSPI","화학","364000","-1000","-0.27","1575276248000"
"298000","효성화학","KOSPI","화학","61300","-1800","-2.85","232438014300"
"093370","후성","KOSPI","화학","7160","-60","-0.83","767948162800"
"081660","휠라홀딩스","KOSPI","유통업","39300","-1100","-2.72","2361766472700"
"005870","휴니드","KOSPI","전기전자","6470","390","6.41","91330617050"
"079980","휴비스","KOSPI","화학","3225","25","0.78","111262500000"
"005010","휴스틸","KOSPI","철강금속","4455","60","1.37","250317874125"
"000540","흥국화재","KOSPI","보험","4640","70","1.53","298085872800"
"000545","흥국화재우","KOSPI","보험","6430","-50","-0.77","4938240000"
"003280","흥아해운","KOSPI","운수창고업","2350","20","0.86","564998512650"